"SAMPLEID","INDEX_NAME","INDEX_CLASS","ni_total","nt_total","nt_Coleo","nt_Ephem","nt_EPT","nt_Pleco","nt_Trich","pi_CraCaeGam","pi_JugaFlumi","pi_Odon","pi_Oligo","pi_SphaerCorb","pi_Tromb","pi_Chiro","pt_NonIns_BCG_att456","pi_SimBtri","nt_ffg_pred_scrap_shred","pi_ffg_col_filt","nt_volt_semi","pt_volt_multi","pi_dom02","x_Shan_2","nt_habitat_brac","nt_BCG_att1i2","nt_BCG_attNA","nt_EPT_BCG_att1i23","pi_BCG_att1i2","pi_BCG_att1i23","pi_BCG_att56","pt_BCG_att1i23","pi_NonInsTrombJuga_BCG_att456"
"05014REF","BCG_MariNW_Bugs500ct","HiGrad-HiElev",477,53,6,6,30,4,20,0,0,0.628930817610063,5.0314465408805,0,3.77358490566038,7.75681341719078,3.77358490566038,0.628930817610063,29,47.5890985324948,17,37.7358490566038,19.916142557652,4.82437110212437,0,10,0,20,13.6268343815514,45.9119496855346,0,52.8301886792453,5.0314465408805
"05014REFa","BCG_MariNW_Bugs500ct","HiGrad-HiElev",518,48,6,5,22,3,14,0,0,0.193050193050193,1.93050193050193,0,3.66795366795367,9.26640926640927,4.16666666666667,0.386100386100386,24,48.4555984555985,14,39.5833333333333,18.1467181467181,4.80538757689924,0,7,1,15,15.4440154440154,49.4208494208494,0,52.0833333333333,1.93050193050193
"06095DFW","BCG_MariNW_Bugs500ct","HiGrad-HiElev",545,48,3,10,29,9,10,0,0,0,0,0.18348623853211,0.917431192660551,22.0183486238532,4.16666666666667,5.5045871559633,28,29.1743119266055,14,29.1666666666667,24.5871559633028,4.62001416395355,0,5,0,19,4.03669724770642,37.6146788990826,0,47.9166666666667,0.18348623853211
